Unnamed: 0,0.0,0.0166666666666666,0.0.1,0.0.2,2.8833333333333333,8.0,2,26.96666666666667,5:0,13:0,0.0.3,0.0.4,0.0.5,0.0.6,2.1,Date,Going-out,Cooking,Eating,Bathing,Other,Sleeping,pred,timeLeft,sleepStart,sleepEnd,goingoutLengthPre,cookingLengthPre,eatingLengthPre,bathingLengthPre,otherLengthPre
2023年03月31日 02:06:20,0.0,0.0333333333333333,0.0,0.0,2.8666666666666667,8.0,2.0,26.96666666666667,5:0,13:0,0.0,0.0,0.0,0.0,2.1,,,,,,,,,,,,,,,,
2023年03月31日 02:06:20,0.0,0.05,0.0,0.0,2.85,8.0,2.0,26.96666666666667,5:0,13:0,0.0,0.0,0.0,0.0,2.1,,,,,,,,,,,,,,,,
2023年03月31日 02:06:21,0.0,0.0666666666666666,0.0,0.0,2.833333333333333,8.0,2.0,26.96666666666667,5:0,13:0,0.0,0.0,0.0,0.0,2.1,,,,,,,,,,,,,,,,
2023年03月31日 02:06:21,0.0,0.0833333333333333,0.0,0.0,2.8166666666666664,8.0,2.0,26.96666666666667,5:0,13:0,0.0,0.0,0.0,0.0,2.1,,,,,,,,,,,,,,,,
2023年03月31日 02:06:21,0.0,0.1,0.0,0.0,2.8,8.0,2.0,26.96666666666667,5:0,13:0,0.0,0.0,0.0,0.0,2.1,,,,,,,,,,,,,,,,
2023年03月31日 02:06:21,0.0,0.1166666666666666,0.0,0.0,2.783333333333333,8.0,2.0,26.96666666666667,5:0,13:0,0.0,0.0,0.0,0.0,2.1,,,,,,,,,,,,,,,,
2023年03月31日 02:06:22,0.0,0.1333333333333333,0.0,0.0,2.7666666666666666,8.0,2.0,26.96666666666667,5:0,13:0,0.0,0.0,0.0,0.0,2.1,,,,,,,,,,,,,,,,
2023年03月31日 02:06:22,0.0,0.2,0.0,0.0,2.7,8.0,1.0,26.96666666666667,5:0,13:0,0.0,0.0,0.0,0.0,2.1,,,,,,,,,,,,,,,,
2023年03月31日 02:06:22,0.0,0.1666666666666666,0.0,0.0,2.7333333333333334,8.0,2.0,26.96666666666667,5:0,13:0,0.0,0.0,0.0,0.0,2.1,,,,,,,,,,,,,,,,
2023年03月31日 02:06:22,0.0,0.2166666666666666,0.0,0.0,2.683333333333333,8.0,3.0,26.96666666666667,5:0,13:0,0.0,0.0,0.0,0.0,2.1,,,,,,,,,,,,,,,,
2023年03月31日 02:06:23,0.0,0.25,0.0,0.0,2.65,8.0,3.0,26.96666666666667,5:0,13:0,0.0,0.0,0.0,0.0,2.1,,,,,,,,,,,,,,,,
2023年03月31日 02:06:23,0.0,0.2666666666666666,0.0,0.0,2.6333333333333333,8.0,3.0,26.96666666666667,5:0,13:0,0.0,0.0,0.0,0.0,2.1,,,,,,,,,,,,,,,,
,,,,,,,,,,,,,,,,2023年03月31日 02:06:23,0.0,0.2833333333333333,0.0,0.0,2.6166666666666667,8.0,3.0,26.96666666666667,5:0,13:0,0.0,0.0,0.0,0.0,2.1
,,,,,,,,,,,,,,,,2023年03月31日 02:06:24,0.0,0.35,0.0,0.0,2.55,8.0,3.0,26.96666666666667,5:0,13:0,0.0,0.0,0.0,0.0,2.1
,,,,,,,,,,,,,,,,2023年03月31日 02:06:24,0.0,0.4,0.0,0.0,2.5,8.0,3.0,26.96666666666667,5:0,13:0,0.0,0.0,0.0,0.0,2.1
7,5:0,13:0,0.0,0.0,0.0,0.0,2.1,,,,,,,,,,,,,,,,,,,,,,,,
,,,,,,,,,,,,,,,,2023年03月31日 02:06:25,0.0,0.3666666666666666,0.0,0.0,2.533333333333333,8.0,3.0,26.96666666666667,5:0,13:0,0.0,0.0,0.0,0.0,2.1
,,,,,,,,,,,,,,,,2023年03月31日 02:06:25,0.0,0.3166666666666666,0.0,0.0,2.583333333333333,8.0,3.0,26.96666666666667,5:0,13:0,0.0,0.0,0.0,0.0,2.1
,,,,,,,,,,,,,,,,2023年03月31日 02:06:25,0.0,0.3,0.0,0.0,2.6,8.0,3.0,26.96666666666667,5:0,13:0,0.0,0.0,0.0,0.0,2.1
,,,,,,,,,,,,,,,,2023年03月31日 02:06:26,0.0,0.2833333333333333,0.0,0.0,2.6166666666666667,8.0,3.0,26.96666666666667,5:0,13:0,0.0,0.0,0.0,0.0,2.1
,,,,,,,,,,,,,,,,2023年03月31日 02:06:26,0.0,0.25,0.0,0.0,2.65,8.0,3.0,26.96666666666667,5:0,13:0,0.0,0.0,0.0,0.0,2.1
,,,,,,,,,,,,,,,,2023年03月31日 02:06:26,0.0,0.2166666666666666,0.0,0.0,2.683333333333333,8.0,3.0,26.96666666666667,5:0,13:0,0.0,0.0,0.0,0.0,2.1
,,,,,,,,,,,,,,,,2023年03月31日 02:06:26,0.0,0.1833333333333333,0.0,0.0,2.716666666666667,8.0,2.0,26.96666666666667,5:0,13:0,0.0,0.0,0.0,0.0,2.1
,,,,,,,,,,,,,,,,2023年03月31日 02:06:27,0.0,0.1666666666666666,0.0,0.0,2.7333333333333334,8.0,2.0,26.96666666666667,5:0,13:0,0.0,0.0,0.0,0.0,2.1
,,,,,,,,,,,,,,,,2023年03月31日 02:06:27,0.0,0.1333333333333333,0.0,0.0,2.7666666666666666,8.0,2.0,26.96666666666667,5:0,13:0,0.0,0.0,0.0,0.0,2.1
,,,,,,,,,,,,,,,,2023年03月31日 02:06:28,0.0,0.1166666666666666,0.0,0.0,2.783333333333333,8.0,2.0,26.96666666666667,5:0,13:0,0.0,0.0,0.0,0.0,2.1
,,,,,,,,,,,,,,,,2023年03月31日 02:06:28,0.0,0.0833333333333333,0.0,0.0,2.8166666666666664,8.0,2.0,26.96666666666667,5:0,13:0,0.0,0.0,0.0,0.0,2.1
,,,,,,,,,,,,,,,,2023年03月31日 02:06:28,0.0,0.0666666666666666,0.0,0.0,2.833333333333333,8.0,2.0,26.96666666666667,5:0,13:0,0.0,0.0,0.0,0.0,2.1
,,,,,,,,,,,,,,,,2023年03月31日 02:06:28,0.0,0.05,0.0,0.0,2.85,8.0,2.0,26.96666666666667,5:0,13:0,0.0,0.0,0.0,0.0,2.1
,,,,,,,,,,,,,,,,2023年03月31日 02:06:29,0.0,0.0166666666666666,0.0,0.0,2.8833333333333333,8.0,2.0,26.96666666666667,5:0,13:0,0.0,0.0,0.0,0.0,2.1
,,,,,,,,,,,,,,,,2023年03月31日 02:06:29,0.0,0.0,0.0166666666666666,0.0,2.8833333333333333,8.0,2.0,26.96666666666667,5:0,13:0,0.0,0.0,0.0,0.0,2.1
,,,,,,,,,,,,,,,,2023年03月31日 02:06:29,0.0,0.0,0.0333333333333333,0.0,2.8666666666666667,8.0,2.0,26.96666666666667,5:0,13:0,0.0,0.0,0.0,0.0,2.1
,,,,,,,,,,,,,,,,2023年03月31日 02:06:30,0.0,0.0,0.0666666666666666,0.0,2.833333333333333,8.0,2.0,26.96666666666667,5:0,13:0,0.0,0.0,0.0,0.0,2.1
,,,,,,,,,,,,,,,,2023年03月31日 02:06:30,0.0,0.0,0.1,0.0,2.8,8.0,2.0,26.96666666666667,5:0,13:0,0.0,0.0,0.0,0.0,2.1
,,,,,,,,,,,,,,,,2023年03月31日 02:06:30,0.0,0.0,0.1166666666666666,0.0,2.783333333333333,8.0,2.0,26.96666666666667,5:0,13:0,0.0,0.0,0.0,0.0,2.1
,,,,,,,,,,,,,,,,2023年03月31日 02:06:30,0.0,0.0,0.15,0.0,2.75,8.0,2.0,26.96666666666667,5:0,13:0,0.0,0.0,0.0,0.0,2.1
5:0,13:0,0.0,0.0,0.0,0.0,2.1,,,,,,,,,,,,,,,,,,,,,,,,,
,,,,,,,,,,,,,,,,2023年03月31日 02:06:31,0.0,0.0,0.2,0.0,2.7,8.0,2.0,26.96666666666667,5:0,13:0,0.0,0.0,0.0,0.0,2.1
,,,,,,,,,,,,,,,,2023年03月31日 02:06:31,0.0,0.0,0.2166666666666666,0.0,2.683333333333333,8.0,2.0,26.96666666666667,5:0,13:0,0.0,0.0,0.0,0.0,2.1
,,,,,,,,,,,,,,,,2023年03月31日 02:06:32,0.0,0.0,0.2666666666666666,0.0,2.6333333333333333,8.0,2.0,26.96666666666667,5:0,13:0,0.0,0.0,0.0,0.0,2.1
,,,,,,,,,,,,,,,,2023年03月31日 02:06:32,0.0,0.0,0.2333333333333333,0.0,2.6666666666666665,8.0,2.0,26.96666666666667,5:0,13:0,0.0,0.0,0.0,0.0,2.1
,,,,,,,,,,,,,,,,2023年03月31日 02:06:32,0.0,0.0,0.2833333333333333,0.0,2.6166666666666667,8.0,2.0,26.96666666666667,5:0,13:0,0.0,0.0,0.0,0.0,2.1
,,,,,,,,,,,,,,,,2023年03月31日 02:06:32,0.0,0.0,0.3166666666666666,0.0,2.583333333333333,8.0,2.0,26.96666666666667,5:0,13:0,0.0,0.0,0.0,0.0,2.1
,,,,,,,,,,,,,,,,2023年03月31日 02:06:33,0.0,0.0,1.3166666666666669,0.0,1.5833333333333333,8.0,2.0,26.96666666666667,5:0,13:0,0.0,0.0,0.0,0.0,2.1
,,,,,,,,,,,,,,,,2023年03月31日 02:06:34,0.0,0.0,0.3166666666666666,0.0,2.583333333333333,8.0,2.0,26.96666666666667,5:0,13:0,0.0,0.0,0.0,0.0,2.1
,,,,,,,,,,,,,,,,2023年03月31日 02:06:35,0.0,0.0,0.3166666666666666,1.0,1.583333333333333,8.0,2.0,26.96666666666667,5:0,13:0,0.0,0.0,0.0,0.0,2.1
,,,,,,,,,,,,,,,,2023年03月31日 02:06:36,0.0,0.0,0.3166666666666666,0.0,2.583333333333333,8.0,2.0,26.96666666666667,5:0,13:0,0.0,0.0,0.0,0.0,2.1
,,,,,,,,,,,,,,,,2023年03月31日 02:06:37,0.0,0.0,0.3166666666666666,0.0166666666666666,2.5666666666666664,8.0,2.0,26.96666666666667,5:0,13:0,0.0,0.0,0.0,0.0,2.1
,,,,,,,,,,,,,,,,2023年03月31日 02:06:38,0.0,0.0,0.3166666666666666,0.0333333333333333,2.55,8.0,2.0,26.96666666666667,5:0,13:0,0.0,0.0,0.0,0.0,2.1
,,,,,,,,,,,,,,,,2023年03月31日 02:06:38,0.0,0.0,0.3166666666666666,0.05,2.533333333333333,8.0,2.0,26.96666666666667,5:0,13:0,0.0,0.0,0.0,0.0,2.1
,,,,,,,,,,,,,,,,2023年03月31日 02:06:38,0.0,0.0,0.3166666666666666,0.0666666666666666,2.516666666666666,8.0,2.0,26.96666666666667,5:0,13:0,0.0,0.0,0.0,0.0,2.1
,,,,,,,,,,,,,,,,2023年03月31日 02:06:39,0.0,1.0,0.3166666666666666,0.0666666666666666,1.5166666666666666,8.0,3.0,26.96666666666667,5:0,13:0,0.0,0.0,0.0,0.0,2.1
,,,,,,,,,,,,,,,,2023年03月31日 02:06:40,0.0,0.0,0.3166666666666666,0.0666666666666666,2.516666666666666,8.0,2.0,26.96666666666667,5:0,13:0,0.0,0.0,0.0,0.0,2.1
,,,,,,,,,,,,,,,,2023年03月31日 02:06:42,0.0,0.0,0.3166666666666666,0.05,2.533333333333333,8.0,2.0,26.96666666666667,5:0,13:0,0.0,0.0,0.0,0.0,2.1
,,,,,,,,,,,,,,,,2023年03月31日 02:06:42,0.0,0.0,0.3166666666666666,0.0333333333333333,2.55,8.0,2.0,26.96666666666667,5:0,13:0,0.0,0.0,0.0,0.0,2.1
,,,,,,,,,,,,,,,,2023年03月31日 02:06:42,0.0,0.0,0.3166666666666666,0.0166666666666666,2.5666666666666664,8.0,2.0,26.96666666666667,5:0,13:0,0.0,0.0,0.0,0.0,2.1
,,,,,,,,,,,,,,,,2023年03月31日 02:06:42,0.0,0.0,0.3166666666666666,0.0,2.583333333333333,8.0,2.0,26.96666666666667,5:0,13:0,0.0,0.0,0.0,0.0,2.1
,,,,,,,,,,,,,,,,2023年03月31日 02:09:36,0.0,0.0,0.3166666666666666,0.0,2.533333333333333,8.0,2.0,26.96666666666667,5:0,13:0,0.0,0.0,0.0,0.0,2.15
,,,,,,,,,,,,,,,,2023年03月31日 02:22:49,0.0,0.0,0.0,0.0,21.633333333333333,0.0,1.0,21.96666666666667,0:0,0:0,0.0,0.0,0.0,0.0,2.3666666666666667
,,,,,,,,,,,,,,,,2023年03月31日 02:26:01,0.0,0.0,0.0,0.0,21.566666666666663,0.0,1.0,21.96666666666667,0:0,0:0,0.0,0.0,0.0,0.0,2.4333333333333336
,,,,,,,,,,,,,,,,2023年03月31日 02:29:10,0.0,0.0,0.0,0.0,21.516666666666666,0.0,1.0,21.96666666666667,0:0,0:0,0.0,0.0,0.0,0.0,2.4833333333333334
,,,,,,,,,,,,,,,,2023年03月31日 02:29:43,0.0,1.0,0.0,0.0,20.516666666666666,0.0,1.0,21.96666666666667,0:0,0:0,0.0,0.0,0.0,0.0,2.4833333333333334
,,,,,,,,,,,,,,,,2023年03月31日 02:29:43,0.0,2.0,0.0,0.0,19.516666666666666,0.0,1.0,21.96666666666667,0:0,0:0,0.0,0.0,0.0,0.0,2.4833333333333334
,,,,,,,,,,,,,,,,2023年03月31日 02:29:43,0.0,3.0,0.0,0.0,18.516666666666666,0.0,1.0,21.96666666666667,0:0,0:0,0.0,0.0,0.0,0.0,2.4833333333333334
,,,,,,,,,,,,,,,,2023年03月31日 02:29:43,0.0,7.0,0.0,0.0,14.516666666666666,0.0,1.0,21.96666666666667,0:0,0:0,0.0,0.0,0.0,0.0,2.4833333333333334
,,,,,,,,,,,,,,,,2023年03月31日 02:29:43,0.0,4.0,0.0,0.0,17.516666666666666,0.0,1.0,21.96666666666667,0:0,0:0,0.0,0.0,0.0,0.0,2.4833333333333334
,,,,,,,,,,,,,,,,2023年03月31日 02:29:44,0.0,8.0,0.0,0.0,13.516666666666666,0.0,1.0,21.96666666666667,0:0,0:0,0.0,0.0,0.0,0.0,2.4833333333333334
,,,,,,,,,,,,,,,,2023年03月31日 02:29:44,0.0,9.0,0.0,0.0,12.516666666666666,0.0,1.0,21.96666666666667,0:0,0:0,0.0,0.0,0.0,0.0,2.4833333333333334
,,,,,,,,,,,,,,,,2023年03月31日 02:29:44,0.0,10.0,0.0,0.0,11.516666666666666,0.0,1.0,21.96666666666667,0:0,0:0,0.0,0.0,0.0,0.0,2.4833333333333334
,,,,,,,,,,,,,,,,2023年03月31日 02:29:45,0.0,3.0,0.0,0.0,18.516666666666666,0.0,1.0,21.96666666666667,0:0,0:0,0.0,0.0,0.0,0.0,2.4833333333333334
,,,,,,,,,,,,,,,,2023年03月31日 02:29:45,0.0,4.0,0.0,0.0,17.516666666666666,0.0,1.0,21.96666666666667,0:0,0:0,0.0,0.0,0.0,0.0,2.4833333333333334
,,,,,,,,,,,,,,,,2023年03月31日 02:29:46,0.0,5.0,0.0,0.0,16.516666666666666,0.0,1.0,21.96666666666667,0:0,0:0,0.0,0.0,0.0,0.0,2.4833333333333334
,,,,,,,,,,,,,,,,2023年03月31日 02:29:46,0.0,7.0,0.0,0.0,14.516666666666666,0.0,1.0,21.96666666666667,0:0,0:0,0.0,0.0,0.0,0.0,2.4833333333333334
,,,,,,,,,,,,,,,,2023年03月31日 02:29:46,0.0,9.0,0.0,0.0,12.516666666666666,0.0,1.0,21.96666666666667,0:0,0:0,0.0,0.0,0.0,0.0,2.4833333333333334
,,,,,,,,,,,,,,,,2023年03月31日 02:29:47,0.0,1.0,0.0,0.0,20.516666666666666,0.0,1.0,21.96666666666667,0:0,0:0,0.0,0.0,0.0,0.0,2.4833333333333334
,,,,,,,,,,,,,,,,2023年03月31日 02:29:47,0.0,2.0,0.0,0.0,19.516666666666666,0.0,1.0,21.96666666666667,0:0,0:0,0.0,0.0,0.0,0.0,2.4833333333333334
,,,,,,,,,,,,,,,,2023年03月31日 02:29:47,0.0,4.0,0.0,0.0,17.516666666666666,0.0,1.0,21.96666666666667,0:0,0:0,0.0,0.0,0.0,0.0,2.4833333333333334
,,,,,,,,,,,,,,,,2023年03月31日 02:29:47,0.0,5.0,0.0,0.0,16.516666666666666,0.0,1.0,21.96666666666667,0:0,0:0,0.0,0.0,0.0,0.0,2.4833333333333334
,,,,,,,,,,,,,,,,2023年03月31日 02:29:47,0.0,6.0,0.0,0.0,15.516666666666666,0.0,1.0,21.96666666666667,0:0,0:0,0.0,0.0,0.0,0.0,2.4833333333333334
,,,,,,,,,,,,,,,,2023年03月31日 02:29:48,0.0,7.0,0.0,0.0,14.516666666666666,0.0,1.0,21.96666666666667,0:0,0:0,0.0,0.0,0.0,0.0,2.4833333333333334
,,,,,,,,,,,,,,,,2023年03月31日 02:29:48,0.0,9.0,0.0,0.0,12.516666666666666,0.0,1.0,21.96666666666667,0:0,0:0,0.0,0.0,0.0,0.0,2.4833333333333334
,,,,,,,,,,,,,,,,2023年03月31日 02:29:49,0.0,2.0,0.0,0.0,19.516666666666666,0.0,1.0,21.96666666666667,0:0,0:0,0.0,0.0,0.0,0.0,2.4833333333333334
,,,,,,,,,,,,,,,,2023年03月31日 02:29:49,0.0,1.0,0.0,0.0,20.516666666666666,0.0,1.0,21.96666666666667,0:0,0:0,0.0,0.0,0.0,0.0,2.4833333333333334
,,,,,,,,,,,,,,,,2023年03月31日 02:29:49,0.0,3.0,0.0,0.0,18.516666666666666,0.0,1.0,21.96666666666667,0:0,0:0,0.0,0.0,0.0,0.0,2.4833333333333334
,,,,,,,,,,,,,,,,2023年03月31日 02:29:50,0.0,5.0,0.0,0.0,16.516666666666666,0.0,1.0,21.96666666666667,0:0,0:0,0.0,0.0,0.0,0.0,2.4833333333333334
,,,,,,,,,,,,,,,,2023年03月31日 02:29:50,0.0,6.0,0.0,0.0,15.516666666666666,0.0,1.0,21.96666666666667,0:0,0:0,0.0,0.0,0.0,0.0,2.4833333333333334
,,,,,,,,,,,,,,,,2023年03月31日 02:29:50,0.0,7.0,0.0,0.0,14.516666666666666,0.0,1.0,21.96666666666667,0:0,0:0,0.0,0.0,0.0,0.0,2.4833333333333334
,,,,,,,,,,,,,,,,2023年03月31日 02:29:50,0.0,8.0,0.0,0.0,13.516666666666666,0.0,1.0,21.96666666666667,0:0,0:0,0.0,0.0,0.0,0.0,2.4833333333333334
,,,,,,,,,,,,,,,,2023年03月31日 02:29:50,0.0,9.0,0.0,0.0,12.516666666666666,0.0,1.0,21.96666666666667,0:0,0:0,0.0,0.0,0.0,0.0,2.4833333333333334
,,,,,,,,,,,,,,,,2023年03月31日 02:29:51,0.0,0.0,0.0,0.0,21.516666666666666,0.0,1.0,21.96666666666667,0:0,0:0,0.0,0.0,0.0,0.0,2.4833333333333334
,,,,,,,,,,,,,,,,2023年03月31日 02:29:51,0.0,3.0,0.0,0.0,18.516666666666666,0.0,1.0,21.96666666666667,0:0,0:0,0.0,0.0,0.0,0.0,2.4833333333333334
,,,,,,,,,,,,,,,,2023年03月31日 02:29:51,0.0,4.0,0.0,0.0,17.516666666666666,0.0,1.0,21.96666666666667,0:0,0:0,0.0,0.0,0.0,0.0,2.4833333333333334
,,,,,,,,,,,,,,,,2023年03月31日 02:29:51,0.0,5.0,0.0,0.0,16.516666666666666,0.0,1.0,21.96666666666667,0:0,0:0,0.0,0.0,0.0,0.0,2.4833333333333334
,,,,,,,,,,,,,,,,2023年03月31日 02:29:52,0.0,5.0,0.0,0.0,17.516666666666666,-1.0,1.0,22.96666666666667,1:0,0:0,0.0,0.0,0.0,0.0,2.4833333333333334
,,,,,,,,,,,,,,,,2023年03月31日 02:29:52,0.0,5.0,0.0,0.0,-4.483333333333333,-3.0,1.0,24.96666666666667,3:0,0:0,0.0,0.0,0.0,0.0,2.4833333333333334
,,,,,,,,,,,,,,,,2023年03月31日 02:29:52,3.0,5.0,0.0,0.0,-7.483333333333333,-3.0,1.0,24.96666666666667,3:0,0:0,0.0,0.0,0.0,0.0,2.4833333333333334
,,,,,,,,,,,,,,,,2023年03月31日 02:29:53,2.0,5.0,0.0,0.0,-6.483333333333333,-3.0,1.0,24.96666666666667,3:0,0:0,0.0,0.0,0.0,0.0,2.4833333333333334
,,,,,,,,,,,,,,,,2023年03月31日 02:29:53,5.0,5.0,0.0,0.0,-9.483333333333334,-3.0,1.0,24.96666666666667,3:0,0:0,0.0,0.0,0.0,0.0,2.4833333333333334
,,,,,,,,,,,,,,,,2023年03月31日 02:29:53,6.0,5.0,0.0,0.0,-10.483333333333334,-3.0,1.0,24.96666666666667,3:0,0:0,0.0,0.0,0.0,0.0,2.4833333333333334
,,,,,,,,,,,,,,,,2023年03月31日 02:29:55,7.0,5.0,0.0,0.0,-11.483333333333334,-3.0,1.0,24.96666666666667,3:0,0:0,0.0,0.0,0.0,0.0,2.4833333333333334
,,,,,,,,,,,,,,,,2023年03月31日 02:30:01,6.0,5.0,0.0,0.0,-10.5,-3.0,1.0,24.96666666666667,3:0,0:0,0.0,0.0,0.0,0.0,2.5
,,,,,,,,,,,,,,,,2023年03月31日 02:30:01,5.0,5.0,0.0,0.0,-9.5,-3.0,1.0,24.96666666666667,3:0,0:0,0.0,0.0,0.0,0.0,2.5
,,,,,,,,,,,,,,,,2023年03月31日 02:30:02,4.0,5.0,0.0,0.0,-8.5,-3.0,1.0,24.96666666666667,3:0,0:0,0.0,0.0,0.0,0.0,2.5
,,,,,,,,,,,,,,,,2023年03月31日 02:30:02,3.0,5.0,0.0,0.0,-7.5,-3.0,1.0,24.96666666666667,3:0,0:0,0.0,0.0,0.0,0.0,2.5
,,,,,,,,,,,,,,,,2023年03月31日 02:31:29,3.0,5.0,0.0,0.0,-7.516666666666667,-3.0,1.0,24.96666666666667,3:0,0:0,0.0,0.0,0.0,0.0,2.5166666666666666
,,,,,,,,,,,,,,,,2023年03月31日 02:31:35,3.0,5.0,0.0,0.0,-7.516666666666667,-3.0,1.0,24.96666666666667,3:0,0:0,0.0,0.0,0.0,0.0,2.5166666666666666
,,,,,,,,,,,,,,,,2023年03月31日 02:31:37,3.0,5.0,0.0,0.0,-7.516666666666667,-3.0,1.0,24.96666666666667,3:0,0:0,0.0,0.0,0.0,0.0,2.5166666666666666
,,,,,,,,,,,,,,,,2023年03月31日 02:32:10,3.0,5.0,0.0,0.0,-7.533333333333333,-3.0,1.0,24.96666666666667,3:0,0:0,0.0,0.0,0.0,0.0,2.533333333333333
,,,,,,,,,,,,,,,,2023年03月31日 02:32:55,3.0,5.0,0.0,0.0,-7.533333333333333,-3.0,1.0,24.96666666666667,3:0,0:0,0.0,0.0,0.0,0.0,2.533333333333333
,,,,,,,,,,,,,,,,2023年03月31日 02:34:15,3.0,5.0,0.0,0.0,-7.566666666666666,-3.0,1.0,24.96666666666667,3:0,0:0,0.0,0.0,0.0,0.0,2.5666666666666664
,,,,,,,,,,,,,,,,2023年03月31日 02:35:18,3.0,5.0,0.0,0.0,-7.583333333333334,-3.0,1.0,24.96666666666667,3:0,0:0,0.0,0.0,0.0,0.0,2.583333333333333
,,,,,,,,,,,,,,,,2023年03月31日 02:35:37,3.0,5.0,0.0,0.0,-7.583333333333334,-3.0,1.0,24.96666666666667,3:0,0:0,0.0,0.0,0.0,0.0,2.583333333333333
,,,,,,,,,,,,,,,,2023年03月31日 02:51:48,1.0,2.8166666666666664,1.0166666666666666,1.0,1.316666666666667,8.0,1.0,31.96666666666667,10:0,18:0,0.0,0.0,0.0,0.0,2.85
,,,,,,,,,,,,,,,,2023年03月31日 02:51:49,1.0,2.833333333333333,1.0166666666666666,1.0,1.3000000000000005,8.0,1.0,31.96666666666667,10:0,18:0,0.0,0.0,0.0,0.0,2.85
,,,,,,,,,,,,,,,,2023年03月31日 02:51:49,1.0,2.8833333333333333,1.0166666666666666,1.0,1.2500000000000004,8.0,1.0,31.96666666666667,10:0,18:0,0.0,0.0,0.0,0.0,2.85
,,,,,,,,,,,,,,,,2023年03月31日 02:51:49,1.0,2.9166666666666665,1.0166666666666666,1.0,1.2166666666666672,8.0,1.0,31.96666666666667,10:0,18:0,0.0,0.0,0.0,0.0,2.85
,,,,,,,,,,,,,,,,2023年03月31日 02:51:50,1.0,2.9333333333333336,1.0166666666666666,1.0,1.2000000000000002,8.0,1.0,31.96666666666667,10:0,18:0,0.0,0.0,0.0,0.0,2.85
,,,,,,,,,,,,,,,,2023年03月31日 02:51:50,1.0,2.95,1.0166666666666666,1.0,1.1833333333333336,8.0,1.0,31.96666666666667,10:0,18:0,0.0,0.0,0.0,0.0,2.85
,0.0,0.0,2.85,,,,,,,,,,,,,,,,,,,,,,,,,,,,
,,,,,,,,,,,,,,,,2023年03月31日 02:51:50,1.0,2.033333333333333,1.0166666666666666,1.0,2.1000000000000005,8.0,3.0,31.96666666666667,10:0,18:0,0.0,0.0,0.0,0.0,2.85
,,,,,,,,,,,,,,,,2023年03月31日 02:51:51,1.0,2.0166666666666666,1.0166666666666666,1.0,2.116666666666667,8.0,3.0,31.96666666666667,10:0,18:0,0.0,0.0,0.0,0.0,2.85
,,,,,,,,,,,,,,,,2023年03月31日 02:51:51,1.0,2.066666666666667,1.0166666666666666,1.0,2.066666666666668,8.0,3.0,31.96666666666667,10:0,18:0,0.0,0.0,0.0,0.0,2.85
,,,,,,,,,,,,,,,,2023年03月31日 02:51:51,1.0,2.083333333333333,1.0166666666666666,1.0,2.05,8.0,3.0,31.96666666666667,10:0,18:0,0.0,0.0,0.0,0.0,2.85
,,,,,,,,,,,,,,,,2023年03月31日 02:51:52,1.0,2.1333333333333333,1.0166666666666666,1.0,2.000000000000001,8.0,3.0,31.96666666666667,10:0,18:0,0.0,0.0,0.0,0.0,2.85
,,,,,,,,,,,,,,,,,,,,,,,,,,,,,,,
,,,,,,,,,,,,,,,,2023年03月31日 02:51:52,1.0,2.15,1.0166666666666666,1.0,1.9833333333333327,8.0,3.0,31.96666666666667,10:0,18:0,0.0,0.0,0.0,0.0,2.85
,,,,,,,,,,,,,,,,2023年03月31日 02:51:52,1.0,2.183333333333333,1.0166666666666666,1.0,1.9500000000000008,8.0,3.0,31.96666666666667,10:0,18:0,0.0,0.0,0.0,0.0,2.85
,,,,,,,,,,,,,,,,2023年03月31日 02:51:53,1.0,2.2333333333333334,1.0166666666666666,1.0,1.9000000000000004,8.0,3.0,31.96666666666667,10:0,18:0,0.0,0.0,0.0,0.0,2.85
,,,,,,,,,,,,,,,,2023年03月31日 02:51:57,2.0,2.2333333333333334,1.0166666666666666,1.0,0.9000000000000004,8.0,3.0,31.96666666666667,10:0,18:0,0.0,0.0,0.0,0.0,2.85
,,,,,,,,,,,,,,,,2023年03月31日 02:51:58,2.0,3.2333333333333334,1.0166666666666666,1.0,-0.0999999999999996,8.0,3.0,31.96666666666667,10:0,18:0,0.0,0.0,0.0,0.0,2.85
,,,,,,,,,,,,,,,,2023年03月31日 02:51:59,2.0,2.2333333333333334,1.0166666666666666,1.0,0.9000000000000004,8.0,3.0,31.96666666666667,10:0,18:0,0.0,0.0,0.0,0.0,2.85
,,,,,,,,,,,,,,,,2023年03月31日 02:52:19,2.0,2.2333333333333334,1.0166666666666666,1.0166666666666666,0.8666666666666663,8.0,3.0,31.96666666666667,10:0,18:0,0.0,0.0,0.0,0.0,2.8666666666666667
,,,,,,,,,,,,,,,,2023年03月31日 02:52:20,2.0,2.2333333333333334,1.0166666666666666,1.0,0.8833333333333329,8.0,3.0,31.96666666666667,10:0,18:0,0.0,0.0,0.0,0.0,2.8666666666666667
,,,,,,,,,,,,,,,,2023年03月31日 02:52:21,2.0,2.2333333333333334,1.0166666666666666,1.0166666666666666,0.8666666666666663,8.0,3.0,31.96666666666667,10:0,18:0,0.0,0.0,0.0,0.0,2.8666666666666667
,,,,,,,,,,,,,,,,2023年03月31日 02:52:21,2.0,2.2333333333333334,1.0166666666666666,1.0333333333333334,0.8499999999999994,8.0,3.0,31.96666666666667,10:0,18:0,0.0,0.0,0.0,0.0,2.8666666666666667
,,,,,,,,,,,,,,,,2023年03月31日 02:52:21,2.0,2.2333333333333334,1.0166666666666666,1.05,0.8333333333333328,8.0,3.0,31.96666666666667,10:0,18:0,0.0,0.0,0.0,0.0,2.8666666666666667
,,,,,,,,,,,,,,,,2023年03月31日 02:52:21,2.0,2.2333333333333334,1.0166666666666666,1.0666666666666669,0.8166666666666662,8.0,3.0,31.96666666666667,10:0,18:0,0.0,0.0,0.0,0.0,2.8666666666666667
,,,,,,,,,,,,,,,,2023年03月31日 02:52:21,2.0,2.2333333333333334,1.0166666666666666,1.0833333333333333,0.7999999999999996,8.0,3.0,31.96666666666667,10:0,18:0,0.0,0.0,0.0,0.0,2.8666666666666667
,,,,,,,,,,,,,,,,2023年03月31日 02:53:26,0.0,0.0,0.0,0.0,21.116666666666667,0.0,1.0,21.96666666666667,0:0,0:0,0.0,0.0,0.0,0.0,2.8833333333333333
,,,,,,,,,,,,,,,,2023年03月31日 02:53:28,1.0,0.0,0.0,0.0,20.116666666666667,0.0,1.0,21.96666666666667,0:0,0:0,0.0,0.0,0.0,0.0,2.8833333333333333
,,,,,,,,,,,,,,,,2023年03月31日 02:53:28,2.0,0.0,0.0,0.0,19.116666666666667,0.0,1.0,21.96666666666667,0:0,0:0,0.0,0.0,0.0,0.0,2.8833333333333333
,,,,,,,,,,,,,,,,2023年03月31日 02:53:28,3.0,0.0,0.0,0.0,18.116666666666667,0.0,1.0,21.96666666666667,0:0,0:0,0.0,0.0,0.0,0.0,2.8833333333333333
,,,,,,,,,,,,,,,,2023年03月31日 02:53:29,4.0,0.0,0.0,0.0,17.116666666666667,0.0,1.0,21.96666666666667,0:0,0:0,0.0,0.0,0.0,0.0,2.8833333333333333
,,,,,,,,,,,,,,,,2023年03月31日 02:53:29,5.0,0.0,0.0,0.0,16.116666666666667,0.0,1.0,21.96666666666667,0:0,0:0,0.0,0.0,0.0,0.0,2.8833333333333333
,,,,,,,,,,,,,,,,2023年03月31日 02:53:29,6.0,0.0,0.0,0.0,15.116666666666667,0.0,1.0,21.96666666666667,0:0,0:0,0.0,0.0,0.0,0.0,2.8833333333333333
,,,,,,,,,,,,,,,,2023年03月31日 02:53:30,6.0,1.0,0.0,0.0,14.116666666666667,0.0,1.0,21.96666666666667,0:0,0:0,0.0,0.0,0.0,0.0,2.8833333333333333
,,,,,,,,,,,,,,,,2023年03月31日 02:53:30,6.0,2.0,0.0,0.0,13.116666666666667,0.0,1.0,21.96666666666667,0:0,0:0,0.0,0.0,0.0,0.0,2.8833333333333333
,,,,,,,,,,,,,,,,2023年03月31日 02:53:31,6.0,3.0,0.0,0.0,12.116666666666667,0.0,1.0,21.96666666666667,0:0,0:0,0.0,0.0,0.0,0.0,2.8833333333333333
,,,,,,,,,,,,,,,,2023年03月31日 02:53:31,6.0,4.0,0.0,0.0,11.116666666666667,0.0,1.0,21.96666666666667,0:0,0:0,0.0,0.0,0.0,0.0,2.8833333333333333
,,,,,,,,,,,,,,,,2023年03月31日 02:53:31,6.0,5.0,0.0,0.0,10.116666666666667,0.0,1.0,21.96666666666667,0:0,0:0,0.0,0.0,0.0,0.0,2.8833333333333333
,,,,,,,,,,,,,,,,2023年03月31日 02:53:32,6.0,5.0,1.0,0.0,9.116666666666667,0.0,1.0,21.96666666666667,0:0,0:0,0.0,0.0,0.0,0.0,2.8833333333333333
,,,,,,,,,,,,,,,,2023年03月31日 02:53:32,6.0,5.0,2.0,0.0,8.116666666666667,0.0,1.0,21.96666666666667,0:0,0:0,0.0,0.0,0.0,0.0,2.8833333333333333
,,,,,,,,,,,,,,,,2023年03月31日 02:53:33,6.0,5.0,2.0,1.0,7.116666666666667,0.0,1.0,21.96666666666667,0:0,0:0,0.0,0.0,0.0,0.0,2.8833333333333333
,,,,,,,,,,,,,,,,2023年03月31日 02:53:33,6.0,5.0,2.0,2.0,6.116666666666667,0.0,1.0,21.96666666666667,0:0,0:0,0.0,0.0,0.0,0.0,2.8833333333333333
,,,,,,,,,,,,,,,,2023年03月31日 02:53:33,6.0,5.0,2.0,3.0,5.116666666666667,0.0,1.0,21.96666666666667,0:0,0:0,0.0,0.0,0.0,0.0,2.8833333333333333
,,,,,,,,,,,,,,,,2023年03月31日 02:53:35,6.0,5.0,2.0,4.0,4.116666666666667,0.0,1.0,21.96666666666667,0:0,0:0,0.0,0.0,0.0,0.0,2.8833333333333333
,,,,,,,,,,,,,,,,2023年03月31日 02:53:35,6.0,5.0,2.0,3.0,5.116666666666667,0.0,1.0,21.96666666666667,0:0,0:0,0.0,0.0,0.0,0.0,2.8833333333333333
,,,,,,,,,,,,,,,,2023年03月31日 02:53:35,6.0,5.0,2.0,2.0,6.116666666666667,0.0,1.0,21.96666666666667,0:0,0:0,0.0,0.0,0.0,0.0,2.8833333333333333
,,,,,,,,,,,,,,,,2023年03月31日 02:53:36,6.0,5.0,2.0,1.0,7.116666666666667,0.0,1.0,21.96666666666667,0:0,0:0,0.0,0.0,0.0,0.0,2.8833333333333333
,,,,,,,,,,,,,,,,2023年03月31日 02:55:35,6.0,5.0,2.0,1.0,7.083333333333332,0.0,1.0,21.96666666666667,0:0,0:0,1.0,1.0,0.0,1.0,-0.0833333333333334
,,,,,,,,,,,,,,,,2023年03月31日 02:55:36,6.0,5.0,2.0,1.0,7.083333333333332,0.0,1.0,21.96666666666667,0:0,0:0,1.0,1.0,0.0,1.0,-0.0833333333333334
,,,,,,,,,,,,,,,,2023年03月31日 02:55:37,6.0,5.0,2.0,1.0,7.083333333333332,0.0,1.0,21.96666666666667,0:0,0:0,1.0,1.0,0.0,1.0,-0.0833333333333334
,,,,,,,,,,,,,,,,2023年03月31日 02:55:38,6.0,5.0,2.0,1.0,7.083333333333332,0.0,1.0,21.96666666666667,0:0,0:0,1.0,1.0,0.0,1.0,-0.0833333333333334
,,,,,,,,,,,,,,,,2023年03月31日 02:55:42,6.0,5.0,2.0,1.0,7.083333333333332,0.0,1.0,21.96666666666667,0:0,0:0,1.0,1.0,0.0,1.0,-0.0833333333333334
,,,,,,,,,,,,,,,,2023年03月31日 02:59:18,0.0,0.0,0.0,0.0,21.016666666666666,0.0,1.0,21.96666666666667,0:0,0:0,0.0,0.0,0.0,0.0,2.9833333333333334
,,,,,,,,,,,,,,,,2023年03月31日 02:59:22,0.0,0.0,0.0,0.0,21.016666666666666,0.0,1.0,21.96666666666667,0:0,0:0,0.0,0.0,0.0,0.0,2.9833333333333334
,,,,,,,,,,,,,,,,2023年03月31日 02:59:23,0.0,0.0,0.0,0.0,22.016666666666666,-1.0,1.0,22.96666666666667,1:0,0:0,0.0,0.0,0.0,0.0,2.9833333333333334
,,,,,,,,,,,,,,,,2023年03月31日 02:59:23,0.0,0.0,0.0,0.0,-0.9833333333333332,-2.0,1.0,23.96666666666667,2:0,0:0,0.0,0.0,0.0,0.0,2.9833333333333334
,,,,,,,,,,,,,,,,2023年03月31日 02:59:23,0.0,0.0,0.0,0.0,0.0166666666666667,-3.0,1.0,24.96666666666667,3:0,0:0,0.0,0.0,0.0,0.0,2.9833333333333334
,,,,,,,,,,,,,,,,2023年03月31日 02:59:24,0.0,0.0,0.0,0.0,1.0166666666666666,-4.0,1.0,25.96666666666667,4:0,0:0,0.0,0.0,0.0,0.0,2.9833333333333334
,,,,,,,,,,,,,,,,2023年03月31日 02:59:24,0.0,0.0,0.0,0.0,2.0166666666666666,-5.0,1.0,26.96666666666667,5:0,0:0,0.0,0.0,0.0,0.0,2.9833333333333334
,,,,,,,,,,,,,,,,2023年03月31日 02:59:24,0.0,0.0,0.0,0.0,3.0166666666666666,-6.0,1.0,27.96666666666667,6:0,0:0,0.0,0.0,0.0,0.0,2.9833333333333334
,,,,,,,,,,,,,,,,2023年03月31日 02:59:24,0.0,0.0,0.0,0.0,4.016666666666667,-7.0,1.0,28.96666666666667,7:0,0:0,0.0,0.0,0.0,0.0,2.9833333333333334
,,,,,,,,,,,,,,,,2023年03月31日 02:59:24,0.0,0.0,0.0,0.0,5.016666666666667,-8.0,1.0,29.96666666666667,8:0,0:0,0.0,0.0,0.0,0.0,2.9833333333333334
,,,,,,,,,,,,,,,,2023年03月31日 02:59:25,0.0,0.0,0.0,0.0,6.016666666666667,-9.0,1.0,30.96666666666667,9:0,0:0,0.0,0.0,0.0,0.0,2.9833333333333334
,,,,,,,,,,,,,,,,2023年03月31日 02:59:25,0.0,0.0,0.0,0.0,7.016666666666667,-10.0,1.0,31.96666666666667,10:0,0:0,0.0,0.0,0.0,0.0,2.9833333333333334
,,,,,,,,,,,,,,,,2023年03月31日 02:59:25,0.0,0.0,0.0,0.0,8.016666666666667,-11.0,1.0,32.96666666666667,11:0,0:0,0.0,0.0,0.0,0.0,2.9833333333333334
,,,,,,,,,,,,,,,,2023年03月31日 02:59:26,0.0,0.0,0.0,0.0,8.016666666666667,-10.0,1.0,32.96666666666667,11:0,1:0,0.0,0.0,0.0,0.0,2.9833333333333334
,,,,,,,,,,,,,,,,2023年03月31日 02:59:26,0.0,0.0,0.0,0.0,8.016666666666667,-9.0,1.0,32.96666666666667,11:0,2:0,0.0,0.0,0.0,0.0,2.9833333333333334
,,,,,,,,,,,,,,,,2023年03月31日 02:59:26,0.0,0.0,0.0,0.0,8.016666666666667,-8.0,1.0,32.96666666666667,11:0,3:0,0.0,0.0,0.0,0.0,2.9833333333333334
,,,,,,,,,,,,,,,,2023年03月31日 02:59:26,0.0,0.0,0.0,0.0,8.016666666666667,-6.0,1.0,32.96666666666667,11:0,5:0,0.0,0.0,0.0,0.0,2.9833333333333334
,,,,,,,,,,,,,,,,2023年03月31日 02:59:27,0.0,0.0,0.0,0.0,8.016666666666667,-4.0,1.0,32.96666666666667,11:0,7:0,0.0,0.0,0.0,0.0,2.9833333333333334
,,,,,,,,,,,,,,,,2023年03月31日 02:59:27,0.0,0.0,0.0,0.0,8.016666666666667,-3.0,1.0,32.96666666666667,11:0,8:0,0.0,0.0,0.0,0.0,2.9833333333333334
,,,,,,,,,,,,,,,,2023年03月31日 02:59:27,0.0,0.0,0.0,0.0,8.016666666666667,-2.0,1.0,32.96666666666667,11:0,9:0,0.0,0.0,0.0,0.0,2.9833333333333334
,,,,,,,,,,,,,,,,2023年03月31日 02:59:28,0.0,0.0,0.0,0.0,8.016666666666667,0.0,1.0,32.96666666666667,11:0,11:0,0.0,0.0,0.0,0.0,2.9833333333333334
,,,,,,,,,,,,,,,,2023年03月31日 02:59:28,0.0,0.0,0.0,0.0,8.016666666666667,4.0,1.0,32.96666666666667,11:0,15:0,0.0,0.0,0.0,0.0,2.9833333333333334
,,,,,,,,,,,,,,,,2023年03月31日 02:59:29,0.0,0.0,0.0,0.0,8.016666666666667,5.0,1.0,32.96666666666667,11:0,16:0,0.0,0.0,0.0,0.0,2.9833333333333334
,,,,,,,,,,,,,,,,2023年03月31日 02:59:29,0.0,0.0,0.0,0.0,8.016666666666667,7.0,1.0,32.96666666666667,11:0,18:0,0.0,0.0,0.0,0.0,2.9833333333333334
,,,,,,,,,,,,,,,,2023年03月31日 02:59:29,0.0,0.0,0.0,0.0,8.016666666666667,8.0,1.0,32.96666666666667,11:0,19:0,0.0,0.0,0.0,0.0,2.9833333333333334
,,,,,,,,,,,,,,,,2023年03月31日 02:59:30,0.0,0.0,0.0,0.0,8.016666666666667,11.0,1.0,32.96666666666667,11:0,22:0,0.0,0.0,0.0,0.0,2.9833333333333334
,,,,,,,,,,,,,,,,2023年03月31日 02:59:30,0.0,0.0,0.0,0.0,8.016666666666667,12.0,1.0,32.96666666666667,11:0,23:0,0.0,0.0,0.0,0.0,2.9833333333333334
,,,,,,,,,,,,,,,,2023年03月31日 02:59:30,0.0,0.0,0.0,0.0,8.016666666666667,-10.0,1.0,32.96666666666667,11:0,1:0,0.0,0.0,0.0,0.0,2.9833333333333334
,,,,,,,,,,,,,,,,2023年03月31日 02:59:31,0.0,0.0,0.0,0.0,8.016666666666667,-9.0,1.0,32.96666666666667,11:0,2:0,0.0,0.0,0.0,0.0,2.9833333333333334
,,,,,,,,,,,,,,,,2023年03月31日 02:59:32,0.0,0.0,0.0,0.0,8.016666666666667,-8.0,1.0,32.96666666666667,11:0,3:0,0.0,0.0,0.0,0.0,2.9833333333333334
,,,,,,,,,,,,,,,,2023年03月31日 02:59:32,0.0,0.0,0.0,0.0,8.016666666666667,-7.0,1.0,32.96666666666667,11:0,4:0,0.0,0.0,0.0,0.0,2.9833333333333334
,,,,,,,,,,,,,,,,2023年03月31日 02:59:32,0.0,0.0,0.0,0.0,8.016666666666667,-6.0,1.0,32.96666666666667,11:0,5:0,0.0,0.0,0.0,0.0,2.9833333333333334
,,,,,,,,,,,,,,,,2023年03月31日 02:59:32,0.0,0.0,0.0,0.0,8.016666666666667,-5.0,1.0,32.96666666666667,11:0,6:0,0.0,0.0,0.0,0.0,2.9833333333333334
,,,,,,,,,,,,,,,,2023年03月31日 02:59:32,0.0,0.0,0.0,0.0,8.016666666666667,-1.0,1.0,32.96666666666667,11:0,10:0,0.0,0.0,0.0,0.0,2.9833333333333334
,,,,,,,,,,,,,,,,2023年03月31日 02:59:33,0.0,0.0,0.0,0.0,8.016666666666667,0.0,1.0,32.96666666666667,11:0,11:0,0.0,0.0,0.0,0.0,2.9833333333333334
,,,,,,,,,,,,,,,,2023年03月31日 02:59:33,0.0,0.0,0.0,0.0,8.016666666666667,2.0,1.0,32.96666666666667,11:0,13:0,0.0,0.0,0.0,0.0,2.9833333333333334
,,,,,,,,,,,,,,,,2023年03月31日 02:59:34,0.0,0.0,0.0,0.0,8.016666666666667,5.0,1.0,32.96666666666667,11:0,16:0,0.0,0.0,0.0,0.0,2.9833333333333334
,,,,,,,,,,,,,,,,2023年03月31日 02:59:34,0.0,0.0,0.0,0.0,8.016666666666667,7.0,1.0,32.96666666666667,11:0,18:0,0.0,0.0,0.0,0.0,2.9833333333333334
,,,,,,,,,,,,,,,,2023年03月31日 02:59:35,0.0,0.0,0.0,0.0,8.016666666666667,8.0,1.0,32.96666666666667,11:0,19:0,0.0,0.0,0.0,0.0,2.9833333333333334
,,,,,,,,,,,,,,,,2023年03月31日 02:59:36,1.0,0.0,0.0,0.0,7.016666666666668,8.0,1.0,32.96666666666667,11:0,19:0,0.0,0.0,0.0,0.0,2.9833333333333334
,,,,,,,,,,,,,,,,2023年03月31日 02:59:41,1.0,1.0,0.0,0.0,6.016666666666668,8.0,1.0,32.96666666666667,11:0,19:0,0.0,0.0,0.0,0.0,2.9833333333333334
,,,,,,,,,,,,,,,,2023年03月31日 02:59:42,1.0,0.0,0.0,0.0,7.016666666666668,8.0,1.0,32.96666666666667,11:0,19:0,0.0,0.0,0.0,0.0,2.9833333333333334
,,,,,,,,,,,,,,,,2023年03月31日 02:59:43,1.0,0.0,1.0,0.0,6.016666666666668,8.0,1.0,32.96666666666667,11:0,19:0,0.0,0.0,0.0,0.0,2.9833333333333334
,,,,,,,,,,,,,,,,2023年03月31日 02:59:43,1.0,0.0,2.0,0.0,5.016666666666668,8.0,1.0,32.96666666666667,11:0,19:0,0.0,0.0,0.0,0.0,2.9833333333333334
,,,,,,,,,,,,,,,,2023年03月31日 02:59:44,1.0,0.0,3.0,0.0,4.016666666666668,8.0,1.0,32.96666666666667,11:0,19:0,0.0,0.0,0.0,0.0,2.9833333333333334
,,,,,,,,,,,,,,,,2023年03月31日 09:25:19,2.0,1.0,2.0,1.0,2.583333333333334,8.0,3.0,8.85,18:0,2:0,0.0,0.0,0.0,0.0,9.416666666666666
,,,,,,,,,,,,,,,,2023年03月31日 09:25:32,2.0,2.0,2.0,1.0,1.583333333333334,8.0,3.0,8.85,18:0,2:0,0.0,0.0,0.0,0.0,9.416666666666666
,,,,,,,,,,,,,,,,2023年03月31日 09:25:33,2.0,3.0,2.0,1.0,0.5833333333333339,8.0,3.0,8.85,18:0,2:0,0.0,0.0,0.0,0.0,9.416666666666666
,,,,,,,,,,,,,,,,2023年03月31日 09:25:33,2.0,4.0,2.0,1.0,-0.4166666666666661,8.0,3.0,8.85,18:0,2:0,0.0,0.0,0.0,0.0,9.416666666666666
,,,,,,,,,,,,,,,,2023年03月31日 09:25:44,2.0,5.0,2.0,1.0,-1.416666666666666,8.0,3.0,8.85,18:0,2:0,0.0,0.0,0.0,0.0,9.416666666666666
,,,,,,,,,,,,,,,,2023年03月31日 09:25:44,2.0,6.0,2.0,1.0,-2.416666666666666,8.0,3.0,8.85,18:0,2:0,0.0,0.0,0.0,0.0,9.416666666666666
,,,,,,,,,,,,,,,,2023年03月31日 09:25:45,2.0,6.0,3.0,1.0,-3.416666666666666,8.0,3.0,8.85,18:0,2:0,0.0,0.0,0.0,0.0,9.416666666666666
,,,,,,,,,,,,,,,,2023年03月31日 09:25:45,2.0,6.0,4.0,1.0,-4.416666666666666,8.0,3.0,8.85,18:0,2:0,0.0,0.0,0.0,0.0,9.416666666666666
,,,,,,,,,,,,,,,,2023年03月31日 09:25:45,2.0,6.0,5.0,1.0,-5.416666666666666,8.0,3.0,8.85,18:0,2:0,0.0,0.0,0.0,0.0,9.416666666666666
,,,,,,,,,,,,,,,,2023年03月31日 09:25:46,2.0,6.0,4.0,1.0,-4.416666666666666,8.0,3.0,8.85,18:0,2:0,0.0,0.0,0.0,0.0,9.416666666666666
,,,,,,,,,,,,,,,,2023年03月31日 09:25:46,2.0,6.0,3.0,1.0,-3.416666666666666,8.0,3.0,8.85,18:0,2:0,0.0,0.0,0.0,0.0,9.416666666666666
,,,,,,,,,,,,,,,,2023年03月31日 09:25:46,2.0,6.0,2.0,1.0,-2.416666666666666,8.0,3.0,8.85,18:0,2:0,0.0,0.0,0.0,0.0,9.416666666666666
,,,,,,,,,,,,,,,,2023年03月31日 09:25:46,2.0,6.0,1.0,1.0,-1.416666666666666,8.0,3.0,8.85,18:0,2:0,0.0,0.0,0.0,0.0,9.416666666666666
,,,,,,,,,,,,,,,,2023年03月31日 09:25:46,2.0,6.0,0.0,1.0,-0.4166666666666661,8.0,3.0,8.85,18:0,2:0,0.0,0.0,0.0,0.0,9.416666666666666
,,,,,,,,,,,,,,,,2023年03月31日 09:25:47,2.0,6.0,0.0,0.0,0.5833333333333339,8.0,3.0,8.85,18:0,2:0,0.0,0.0,0.0,0.0,9.416666666666666
,,,,,,,,,,,,,,,,2023年03月31日 09:25:50,2.0,6.0,0.0,1.0,-0.4166666666666661,8.0,3.0,8.85,18:0,2:0,0.0,0.0,0.0,0.0,9.416666666666666
,,,,,,,,,,,,,,,,2023年03月31日 09:25:50,2.0,6.0,0.0,2.0,-1.416666666666666,8.0,3.0,8.85,18:0,2:0,0.0,0.0,0.0,0.0,9.416666666666666
,,,,,,,,,,,,,,,,2023年03月31日 09:25:50,2.0,6.0,0.0,3.0,-2.416666666666666,8.0,3.0,8.85,18:0,2:0,0.0,0.0,0.0,0.0,9.416666666666666
,,,,,,,,,,,,,,,,2023年03月31日 09:25:51,2.0,6.0,0.0,4.0,-3.416666666666666,8.0,3.0,8.85,18:0,2:0,0.0,0.0,0.0,0.0,9.416666666666666
,,,,,,,,,,,,,,,,2023年03月31日 09:25:51,2.0,6.0,0.0,5.0,-4.416666666666666,8.0,3.0,8.85,18:0,2:0,0.0,0.0,0.0,0.0,9.416666666666666
,,,,,,,,,,,,,,,,2023年03月31日 09:25:51,2.0,6.0,0.0,6.0,-5.416666666666666,8.0,3.0,8.85,18:0,2:0,0.0,0.0,0.0,0.0,9.416666666666666
,,,,,,,,,,,,,,,,2023年03月31日 09:25:51,2.0,6.0,0.0,8.0,-7.416666666666666,8.0,3.0,8.85,18:0,2:0,0.0,0.0,0.0,0.0,9.416666666666666
,,,,,,,,,,,,,,,,2023年03月31日 09:28:43,2.0,5.0,0.0,8.0,-6.466666666666667,8.0,3.0,8.85,18:0,2:0,0.0,0.0,0.0,0.0,9.466666666666669
,,,,,,,,,,,,,,,,2023年03月31日 09:28:43,2.0,4.0,0.0,8.0,-5.466666666666667,8.0,3.0,8.85,18:0,2:0,0.0,0.0,0.0,0.0,9.466666666666669
,,,,,,,,,,,,,,,,2023年03月31日 09:28:43,2.0,3.0,0.0,8.0,-4.466666666666667,8.0,3.0,8.85,18:0,2:0,0.0,0.0,0.0,0.0,9.466666666666669
,,,,,,,,,,,,,,,,2023年03月31日 09:28:44,2.0,1.0,0.0,8.0,-2.466666666666667,8.0,3.0,8.85,18:0,2:0,0.0,0.0,0.0,0.0,9.466666666666669
,,,,,,,,,,,,,,,,2023年03月31日 09:28:44,2.0,0.0,0.0,8.0,-1.4666666666666668,8.0,2.0,8.85,18:0,2:0,0.0,0.0,0.0,0.0,9.466666666666669
,,,,,,,,,,,,,,,,2023年03月31日 09:28:45,2.0,0.0,0.0,7.0,-0.4666666666666668,8.0,2.0,8.85,18:0,2:0,0.0,0.0,0.0,0.0,9.466666666666669
,,,,,,,,,,,,,,,,2023年03月31日 09:28:45,2.0,0.0,0.0,6.0,0.5333333333333332,8.0,2.0,8.85,18:0,2:0,0.0,0.0,0.0,0.0,9.466666666666669
,,,,,,,,,,,,,,,,2023年03月31日 09:32:31,2.0,0.0,0.0,7.0,-0.5333333333333332,8.0,2.0,8.85,18:0,2:0,0.0,0.0,0.0,0.0,9.533333333333331
,,,,,,,,,,,,,,,,2023年03月31日 09:35:16,2.0,0.0,0.0,8.0,-1.583333333333334,8.0,2.0,8.85,18:0,2:0,0.0,0.0,0.0,0.0,9.583333333333334
,,,,,,,,,,,,,,,,2023年03月31日 09:35:17,2.0,0.0,0.0,9.0,-2.583333333333334,8.0,2.0,8.85,18:0,2:0,0.0,0.0,0.0,0.0,9.583333333333334
,,,,,,,,,,,,,,,,2023年03月31日 09:35:21,2.0,0.0,0.0,8.0,-1.583333333333334,8.0,2.0,8.85,18:0,2:0,0.0,0.0,0.0,0.0,9.583333333333334
,,,,,,,,,,,,,,,,2023年03月31日 09:35:22,2.0,0.0,0.0,7.0,-0.5833333333333339,8.0,2.0,8.85,18:0,2:0,0.0,0.0,0.0,0.0,9.583333333333334
,,,,,,,,,,,,,,,,2023年03月31日 09:35:22,2.0,0.0,0.0,6.0,0.4166666666666661,8.0,2.0,8.85,18:0,2:0,0.0,0.0,0.0,0.0,9.583333333333334
,,,,,,,,,,,,,,,,2023年03月31日 09:35:46,2.0,0.0,0.0,7.0,-0.5833333333333339,8.0,2.0,8.85,18:0,2:0,0.0,0.0,0.0,0.0,9.583333333333334
,,,,,,,,,,,,,,,,2023年03月31日 09:36:15,0.0,0.0,0.0,0.0,14.4,0.0,1.0,14.85,0:0,0:0,0.0,0.0,0.0,0.0,9.6
,,,,,,,,,,,,,,,,2023年03月31日 09:36:17,1.0,0.0,0.0,0.0,13.4,0.0,1.0,14.85,0:0,0:0,0.0,0.0,0.0,0.0,9.6
,,,,,,,,,,,,,,,,2023年03月31日 09:36:18,2.0,0.0,0.0,0.0,12.4,0.0,1.0,14.85,0:0,0:0,0.0,0.0,0.0,0.0,9.6
,,,,,,,,,,,,,,,,2023年03月31日 09:36:18,3.0,0.0,0.0,0.0,11.4,0.0,1.0,14.85,0:0,0:0,0.0,0.0,0.0,0.0,9.6
,,,,,,,,,,,,,,,,2023年03月31日 09:36:18,4.0,0.0,0.0,0.0,10.4,0.0,1.0,14.85,0:0,0:0,0.0,0.0,0.0,0.0,9.6
,,,,,,,,,,,,,,,,2023年03月31日 09:36:18,5.0,0.0,0.0,0.0,9.4,0.0,1.0,14.85,0:0,0:0,0.0,0.0,0.0,0.0,9.6
,,,,,,,,,,,,,,,,2023年03月31日 09:36:18,8.0,0.0,0.0,0.0,6.4,0.0,1.0,14.85,0:0,0:0,0.0,0.0,0.0,0.0,9.6
,,,,,,,,,,,,,,,,2023年03月31日 09:36:19,9.0,0.0,0.0,0.0,5.4,0.0,1.0,14.85,0:0,0:0,0.0,0.0,0.0,0.0,9.6
,,,,,,,,,,,,,,,,2023年03月31日 09:36:19,10.0,0.0,0.0,0.0,4.4,0.0,1.0,14.85,0:0,0:0,0.0,0.0,0.0,0.0,9.6
,,,,,,,,,,,,,,,,2023年03月31日 09:36:19,11.0,0.0,0.0,0.0,3.4000000000000004,0.0,1.0,14.85,0:0,0:0,0.0,0.0,0.0,0.0,9.6
,,,,,,,,,,,,,,,,2023年03月31日 09:36:19,11.0,2.0,0.0,0.0,1.4000000000000004,0.0,1.0,14.85,0:0,0:0,0.0,0.0,0.0,0.0,9.6
,,,,,,,,,,,,,,,,2023年03月31日 09:36:20,11.0,4.0,0.0,0.0,-0.5999999999999996,0.0,1.0,14.85,0:0,0:0,0.0,0.0,0.0,0.0,9.6
,,,,,,,,,,,,,,,,2023年03月31日 09:36:20,11.0,5.0,0.0,0.0,-1.5999999999999996,0.0,1.0,14.85,0:0,0:0,0.0,0.0,0.0,0.0,9.6
,,,,,,,,,,,,,,,,2023年03月31日 09:36:20,11.0,6.0,0.0,0.0,-2.6,0.0,1.0,14.85,0:0,0:0,0.0,0.0,0.0,0.0,9.6
,,,,,,,,,,,,,,,,2023年03月31日 09:36:20,11.0,9.0,0.0,0.0,-5.6,0.0,1.0,14.85,0:0,0:0,0.0,0.0,0.0,0.0,9.6
,,,,,,,,,,,,,,,,2023年03月31日 09:36:21,11.0,10.0,0.0,0.0,-6.6,0.0,1.0,14.85,0:0,0:0,0.0,0.0,0.0,0.0,9.6
,,,,,,,,,,,,,,,,2023年03月31日 09:36:21,11.0,0.0,0.0,0.0,3.4000000000000004,0.0,1.0,14.85,0:0,0:0,0.0,0.0,0.0,0.0,9.6
,,,,,,,,,,,,,,,,2023年03月31日 09:36:21,11.0,1.0,0.0,0.0,2.4000000000000004,0.0,1.0,14.85,0:0,0:0,0.0,0.0,0.0,0.0,9.6
,,,,,,,,,,,,,,,,2023年03月31日 09:36:23,11.0,2.0,0.0,0.0,1.4000000000000004,0.0,1.0,14.85,0:0,0:0,0.0,0.0,0.0,0.0,9.6
,,,,,,,,,,,,,,,,2023年03月31日 09:36:26,11.0,3.0,0.0,0.0,0.4000000000000003,0.0,1.0,14.85,0:0,0:0,0.0,0.0,0.0,0.0,9.6
,,,,,,,,,,,,,,,,2023年03月31日 09:36:26,11.0,4.0,0.0,0.0,-0.5999999999999996,0.0,1.0,14.85,0:0,0:0,0.0,0.0,0.0,0.0,9.6
,,,,,,,,,,,,,,,,2023年03月31日 09:36:29,11.0,4.016666666666667,0.0,0.0,-0.6166666666666663,0.0,1.0,14.85,0:0,0:0,0.0,0.0,0.0,0.0,9.6
,,,,,,,,,,,,,,,,2023年03月31日 09:36:29,11.0,4.033333333333333,0.0,0.0,-0.6333333333333329,0.0,1.0,14.85,0:0,0:0,0.0,0.0,0.0,0.0,9.6
,,,,,,,,,,,,,,,,2023年03月31日 09:36:30,11.0,4.05,0.0,0.0,-0.6499999999999995,0.0,1.0,14.85,0:0,0:0,0.0,0.0,0.0,0.0,9.6
,,,,,,,,,,,,,,,,2023年03月31日 09:36:30,11.0,4.1,0.0,0.0,-0.6999999999999993,0.0,1.0,14.85,0:0,0:0,0.0,0.0,0.0,0.0,9.6
,,,,,,,,,,,,,,,,2023年03月31日 09:36:30,11.0,4.133333333333334,0.0,0.0,-0.7333333333333334,0.0,1.0,14.85,0:0,0:0,0.0,0.0,0.0,0.0,9.6
,,,,,,,,,,,,,,,,2023年03月31日 09:36:54,10.0,4.133333333333334,0.0,0.0,0.2666666666666666,0.0,1.0,14.85,0:0,0:0,0.0,0.0,0.0,0.0,9.6
,,,,,,,,,,,,,,,,2023年03月31日 09:36:55,9.0,4.133333333333334,0.0,0.0,1.2666666666666666,0.0,1.0,14.85,0:0,0:0,0.0,0.0,0.0,0.0,9.6
,,,,,,,,,,,,,,,,2023年03月31日 09:36:59,9.0,4.133333333333334,0.0,0.0,1.2666666666666666,1.0,1.0,14.85,0:0,1:0,0.0,0.0,0.0,0.0,9.6
,,,,,,,,,,,,,,,,2023年03月31日 09:36:59,9.0,4.133333333333334,0.0,0.0,1.2666666666666666,2.0,1.0,14.85,0:0,2:0,0.0,0.0,0.0,0.0,9.6
,,,,,,,,,,,,,,,,2023年03月31日 09:36:59,9.0,4.133333333333334,0.0,0.0,1.2666666666666666,4.0,1.0,14.85,0:0,4:0,0.0,0.0,0.0,0.0,9.6
,,,,,,,,,,,,,,,,2023年03月31日 09:36:59,9.0,4.133333333333334,0.0,0.0,1.2666666666666666,5.0,1.0,14.85,0:0,5:0,0.0,0.0,0.0,0.0,9.6
,,,,,,,,,,,,,,,,2023年03月31日 09:36:59,9.0,4.133333333333334,0.0,0.0,1.2666666666666666,8.0,3.0,14.85,0:0,8:0,0.0,0.0,0.0,0.0,9.6
,,,,,,,,,,,,,,,,2023年03月31日 09:37:00,9.0,4.133333333333334,0.0,0.0,1.2499999999999991,9.0,3.0,14.85,0:0,9:0,0.0,0.0,0.0,0.0,9.616666666666667
,,,,,,,,,,,,,,,,2023年03月31日 09:37:11,9.0,4.133333333333334,0.0,0.0,1.2499999999999991,9.0,3.0,14.85,0:0,9:0,0.0,0.0,0.0,0.0,9.616666666666667
,,,,,,,,,,,,,,,,2023年03月31日 09:37:12,9.0,4.133333333333334,0.0,1.0,0.2499999999999991,9.0,3.0,14.85,0:0,9:0,0.0,0.0,0.0,0.0,9.616666666666667
,,,,,,,,,,,,,,,,2023年03月31日 09:37:14,9.0,4.133333333333334,0.0166666666666666,1.0,0.2333333333333325,9.0,3.0,14.85,0:0,9:0,0.0,0.0,0.0,0.0,9.616666666666667
,,,,,,,,,,,,,,,,2023年03月31日 09:37:15,9.0,4.133333333333334,0.0333333333333333,1.0,0.2166666666666656,9.0,3.0,14.85,0:0,9:0,0.0,0.0,0.0,0.0,9.616666666666667
,,,,,,,,,,,,,,,,2023年03月31日 09:37:15,9.0,4.133333333333334,0.0666666666666666,1.0,0.1833333333333324,9.0,3.0,14.85,0:0,9:0,0.0,0.0,0.0,0.0,9.616666666666667
,,,,,,,,,,,,,,,,2023年03月31日 09:37:15,9.0,4.133333333333334,0.0833333333333333,1.0,0.1666666666666658,9.0,3.0,14.85,0:0,9:0,0.0,0.0,0.0,0.0,9.616666666666667
,,,,,,,,,,,,,,,,2023年03月31日 09:37:16,9.0,4.133333333333334,0.1,1.0,0.149999999999999,9.0,3.0,14.85,0:0,9:0,0.0,0.0,0.0,0.0,9.616666666666667
,,,,,,,,,,,,,,,,2023年03月31日 09:37:16,9.0,4.133333333333334,0.1166666666666666,1.0,0.1333333333333324,9.0,3.0,14.85,0:0,9:0,0.0,0.0,0.0,0.0,9.616666666666667
,,,,,,,,,,,,,,,,2023年03月31日 09:37:16,9.0,4.133333333333334,0.1333333333333333,1.0,0.1166666666666658,9.0,3.0,14.85,0:0,9:0,0.0,0.0,0.0,0.0,9.616666666666667
,,,,,,,,,,,,,,,,2023年03月31日 09:37:18,9.0,3.1333333333333333,0.1333333333333333,1.0,1.1166666666666665,9.0,3.0,14.85,0:0,9:0,0.0,0.0,0.0,0.0,9.616666666666667
,,,,,,,,,,,,,,,,2023年03月31日 09:37:19,8.0,3.1333333333333333,0.1333333333333333,1.0,2.1166666666666663,9.0,3.0,14.85,0:0,9:0,0.0,0.0,0.0,0.0,9.616666666666667
,,,,,,,,,,,,,,,,2023年03月31日 09:37:19,7.0,3.1333333333333333,0.1333333333333333,1.0,3.1166666666666663,9.0,3.0,14.85,0:0,9:0,0.0,0.0,0.0,0.0,9.616666666666667
,,,,,,,,,,,,,,,,2023年03月31日 09:37:22,6.0,3.1333333333333333,0.1333333333333333,1.0,4.116666666666666,9.0,1.0,14.85,0:0,9:0,0.0,0.0,0.0,0.0,9.616666666666667
,,,,,,,,,,,,,,,,2023年03月31日 09:37:22,5.0,3.1333333333333333,0.1333333333333333,1.0,5.116666666666666,9.0,1.0,14.85,0:0,9:0,0.0,0.0,0.0,0.0,9.616666666666667
,,,,,,,,,,,,,,,,2023年03月31日 09:37:23,4.0,3.1333333333333333,0.1333333333333333,1.0,6.116666666666666,9.0,1.0,14.85,0:0,9:0,0.0,0.0,0.0,0.0,9.616666666666667
,,,,,,,,,,,,,,,,2023年03月31日 09:37:25,5.0,3.1333333333333333,0.1333333333333333,1.0,5.116666666666666,9.0,1.0,14.85,0:0,9:0,0.0,0.0,0.0,0.0,9.616666666666667
,,,,,,,,,,,,,,,,2023年03月31日 09:37:27,6.0,3.1333333333333333,0.1333333333333333,1.0,4.116666666666666,9.0,1.0,14.85,0:0,9:0,0.0,0.0,0.0,0.0,9.616666666666667
,,,,,,,,,,,,,,,,2023年03月31日 09:37:31,7.0,3.1333333333333333,0.1333333333333333,1.0,3.1166666666666663,9.0,3.0,14.85,0:0,9:0,0.0,0.0,0.0,0.0,9.616666666666667
,,,,,,,,,,,,,,,,2023年03月31日 09:37:33,6.0,3.1333333333333333,0.1333333333333333,1.0,4.116666666666666,9.0,1.0,14.85,0:0,9:0,0.0,0.0,0.0,0.0,9.616666666666667
,,,,,,,,,,,,,,,,2023年03月31日 09:37:34,7.0,3.1333333333333333,0.1333333333333333,1.0,3.1166666666666663,9.0,3.0,14.85,0:0,9:0,0.0,0.0,0.0,0.0,9.616666666666667
,,,,,,,,,,,,,,,,2023年03月31日 09:37:37,7.0,2.1333333333333333,0.1333333333333333,1.0,4.116666666666666,9.0,1.0,14.85,0:0,9:0,0.0,0.0,0.0,0.0,9.616666666666667
,,,,,,,,,,,,,,,,2023年03月31日 09:37:38,7.0,3.1333333333333333,0.1333333333333333,1.0,3.1166666666666663,9.0,3.0,14.85,0:0,9:0,0.0,0.0,0.0,0.0,9.616666666666667
,,,,,,,,,,,,,,,,2023年03月31日 09:37:39,7.0,4.133333333333334,0.1333333333333333,1.0,2.116666666666666,9.0,3.0,14.85,0:0,9:0,0.0,0.0,0.0,0.0,9.616666666666667
,,,,,,,,,,,,,,,,2023年03月31日 09:37:41,7.0,4.133333333333334,1.1333333333333333,1.0,1.1166666666666658,9.0,3.0,14.85,0:0,9:0,0.0,0.0,0.0,0.0,9.616666666666667
,,,,,,,,,,,,,,,,2023年03月31日 09:37:43,7.0,4.133333333333334,2.1333333333333333,1.0,0.1166666666666658,9.0,3.0,14.85,0:0,9:0,0.0,0.0,0.0,0.0,9.616666666666667
,,,,,,,,,,,,,,,,2023年03月31日 09:37:43,7.0,4.133333333333334,3.1333333333333333,1.0,-0.8833333333333342,9.0,3.0,14.85,0:0,9:0,0.0,0.0,0.0,0.0,9.616666666666667
,,,,,,,,,,,,,,,,2023年03月31日 09:37:49,7.0,3.1333333333333333,3.1333333333333333,1.0,0.1166666666666667,9.0,3.0,14.85,0:0,9:0,0.0,0.0,0.0,0.0,9.616666666666667
,,,,,,,,,,,,,,,,2023年03月31日 09:37:57,7.0,4.133333333333334,3.1333333333333333,1.0,-0.8833333333333342,9.0,3.0,14.85,0:0,9:0,0.0,0.0,0.0,0.0,9.616666666666667
,,,,,,,,,,,,,,,,2023年03月31日 10:51:25,7.0,4.133333333333334,3.1333333333333333,1.0,-2.1166666666666667,9.0,3.0,13.833333333333334,0:0,9:0,0.0,0.0,0.0,0.0,10.85
,,,,,,,,,,,,,,,,2023年03月31日 10:53:44,7.0,4.133333333333334,3.1333333333333333,1.0,-2.15,9.0,3.0,13.833333333333334,0:0,9:0,0.0,0.0,0.0,0.0,10.883333333333333
,,,,,,,,,,,,,,,,2023年03月31日 10:55:11,0.0,0.0,0.0,0.0,13.083333333333334,0.0,1.0,13.833333333333334,0:0,0:0,0.0,0.0,0.0,0.0,10.916666666666666
,,,,,,,,,,,,,,,,2023年03月31日 10:55:13,0.0,0.0,0.0,0.0,13.083333333333334,0.0,1.0,13.833333333333334,0:0,0:0,0.0,0.0,0.0,0.0,10.916666666666666
,,,,,,,,,,,,,,,,2023年03月31日 10:56:45,0.0,0.0,0.0,0.0,13.066666666666666,0.0,1.0,13.833333333333334,0:0,0:0,0.0,0.0,0.0,0.0,10.933333333333334
,,,,,,,,,,,,,,,,2023年03月31日 10:56:47,0.0,0.0,0.0,0.0,13.066666666666666,0.0,1.0,13.833333333333334,0:0,0:0,0.0,0.0,0.0,0.0,10.933333333333334
,,,,,,,,,,,,,,,,2023年03月31日 10:56:58,0.0,0.0,0.0,0.0,13.066666666666666,0.0,1.0,13.833333333333334,0:0,0:0,0.0,0.0,0.0,0.0,10.933333333333334
,,,,,,,,,,,,,,,,2023年03月31日 10:57:03,0.0,0.0,0.0,0.0,13.05,0.0,1.0,13.833333333333334,0:0,0:0,0.0,0.0,0.0,0.0,10.95
,,,,,,,,,,,,,,,,2023年03月31日 10:57:12,0.0,0.0,0.0,0.0,13.05,0.0,1.0,13.833333333333334,0:0,0:0,0.0,0.0,0.0,0.0,10.95
,,,,,,,,,,,,,,,,2023年03月31日 10:57:35,0.0,0.0,0.0,0.0,13.05,0.0,1.0,13.833333333333334,0:0,0:0,0.0,0.0,0.0,0.0,10.95
,,,,,,,,,,,,,,,,2023年03月31日 10:57:44,0.0,0.0,0.0,0.0,13.05,0.0,1.0,13.833333333333334,0:0,0:0,0.0,0.0,0.0,0.0,10.95
,,,,,,,,,,,,,,,,2023年03月31日 10:57:48,0.0,0.0,0.0,0.0,13.05,0.0,1.0,13.833333333333334,0:0,0:0,0.0,0.0,0.0,0.0,10.95
,,,,,,,,,,,,,,,,2023年03月31日 10:57:52,0.0,0.0,0.0,0.0,13.05,0.0,1.0,13.833333333333334,0:0,0:0,0.0,0.0,0.0,0.0,10.95
,,,,,,,,,,,,,,,,2023年03月31日 11:00:18,0.0,0.0,0.0,0.0,13.0,0.0,1.0,12.816666666666666,0:0,0:0,0.0,0.0,0.0,0.0,11.0
,,,,,,,,,,,,,,,,2023年03月31日 11:00:22,0.0,0.0,0.0,0.0,13.0,0.0,1.0,12.816666666666666,0:0,0:0,0.0,0.0,0.0,0.0,11.0
,,,,,,,,,,,,,,,,2023年03月31日 11:00:34,0.0,0.0,0.0,0.0,13.0,0.0,1.0,12.816666666666666,0:0,0:0,0.0,0.0,0.0,0.0,11.0
,,,,,,,,,,,,,,,,2023年03月31日 11:04:37,0.0,0.0,0.0,0.0,12.933333333333334,0.0,1.0,12.816666666666666,0:0,0:0,0.0,0.0,0.0,0.0,11.066666666666666
,,,,,,,,,,,,,,,,2023年03月31日 11:04:44,0.0,0.0,0.0,0.0,12.933333333333334,0.0,1.0,12.816666666666666,0:0,0:0,0.0,0.0,0.0,0.0,11.066666666666666
,,,,,,,,,,,,,,,,2023年03月31日 11:04:56,0.0,0.0,0.0,0.0,12.933333333333334,0.0,1.0,12.816666666666666,0:0,0:0,0.0,0.0,0.0,0.0,11.066666666666666
,,,,,,,,,,,,,,,,2023年03月31日 11:07:45,0.0,0.0,0.0,0.0,12.883333333333333,0.0,1.0,12.816666666666666,0:0,0:0,0.0,0.0,0.0,0.0,11.116666666666667
,,,,,,,,,,,,,,,,2023年03月31日 11:08:38,0.0,0.0,0.0,0.0,12.866666666666667,0.0,1.0,12.816666666666666,0:0,0:0,0.0,0.0,0.0,0.0,11.133333333333333
,,,,,,,,,,,,,,,,2023年03月31日 11:10:25,0.0,0.0,0.0,0.0,12.833333333333334,0.0,1.0,12.816666666666666,0:0,0:0,0.0,0.0,0.0,0.0,11.166666666666666
,,,,,,,,,,,,,,,,2023年03月31日 11:12:23,0.0,0.0,0.0,0.0,12.8,0.0,1.0,12.816666666666666,0:0,0:0,0.0,0.0,0.0,0.0,11.2
,,,,,,,,,,,,,,,,2023年03月31日 11:14:53,0.0,0.0,0.0,0.0,12.766666666666667,0.0,1.0,12.816666666666666,0:0,0:0,0.0,0.0,0.0,0.0,11.233333333333333
,,,,,,,,,,,,,,,,2023年03月31日 11:15:02,0.0,0.0,1.0,0.0,11.75,0.0,1.0,12.816666666666666,0:0,0:0,0.0,0.0,0.0,0.0,11.25
,,,,,,,,,,,,,,,,2023年03月31日 11:15:02,0.0,0.0,2.0,0.0,10.75,0.0,1.0,12.816666666666666,0:0,0:0,0.0,0.0,0.0,0.0,11.25
,,,,,,,,,,,,,,,,2023年03月31日 11:15:02,0.0,0.0,3.0,0.0,9.75,0.0,1.0,12.816666666666666,0:0,0:0,0.0,0.0,0.0,0.0,11.25
,,,,,,,,,,,,,,,,2023年03月31日 11:15:03,0.0,0.0,7.0,0.0,5.75,0.0,1.0,12.816666666666666,0:0,0:0,0.0,0.0,0.0,0.0,11.25
,,,,,,,,,,,,,,,,2023年03月31日 11:15:03,0.0,0.0,8.0,0.0,4.75,0.0,1.0,12.816666666666666,0:0,0:0,0.0,0.0,0.0,0.0,11.25
,,,,,,,,,,,,,,,,2023年03月31日 11:15:03,0.0,0.0,9.0,0.0,3.75,0.0,1.0,12.816666666666666,0:0,0:0,0.0,0.0,0.0,0.0,11.25
,,,,,,,,,,,,,,,,2023年03月31日 11:15:04,0.0,0.0,1.0,0.0,11.75,0.0,1.0,12.816666666666666,0:0,0:0,0.0,0.0,0.0,0.0,11.25
,,,,,,,,,,,,,,,,2023年03月31日 11:15:04,0.0,0.0,3.0,0.0,9.75,0.0,1.0,12.816666666666666,0:0,0:0,0.0,0.0,0.0,0.0,11.25
,,,,,,,,,,,,,,,,2023年03月31日 11:15:05,0.0,0.0,5.0,0.0,7.75,0.0,1.0,12.816666666666666,0:0,0:0,0.0,0.0,0.0,0.0,11.25
,,,,,,,,,,,,,,,,2023年03月31日 11:15:05,0.0,0.0,7.0,0.0,5.75,0.0,1.0,12.816666666666666,0:0,0:0,0.0,0.0,0.0,0.0,11.25
,,,,,,,,,,,,,,,,2023年03月31日 11:15:05,0.0,1.0,8.0,0.0,3.75,0.0,1.0,12.816666666666666,0:0,0:0,0.0,0.0,0.0,0.0,11.25
,,,,,,,,,,,,,,,,2023年03月31日 11:15:06,0.0,4.0,8.0,0.0,0.75,0.0,1.0,12.816666666666666,0:0,0:0,0.0,0.0,0.0,0.0,11.25
,,,,,,,,,,,,,,,,2023年03月31日 11:15:06,0.0,5.0,8.0,0.0,-0.25,0.0,1.0,12.816666666666666,0:0,0:0,0.0,0.0,0.0,0.0,11.25
,,,,,,,,,,,,,,,,2023年03月31日 11:15:06,0.0,6.0,8.0,0.0,-1.25,0.0,1.0,12.816666666666666,0:0,0:0,0.0,0.0,0.0,0.0,11.25
,,,,,,,,,,,,,,,,2023年03月31日 11:15:06,0.0,7.0,8.0,0.0,-2.25,0.0,1.0,12.816666666666666,0:0,0:0,0.0,0.0,0.0,0.0,11.25
,,,,,,,,,,,,,,,,2023年03月31日 11:15:13,0.0,6.0,8.0,0.0,-1.25,0.0,1.0,12.816666666666666,0:0,0:0,0.0,0.0,0.0,0.0,11.25
,,,,,,,,,,,,,,,,2023年03月31日 11:15:13,0.0,5.0,8.0,0.0,-0.25,0.0,1.0,12.816666666666666,0:0,0:0,0.0,0.0,0.0,0.0,11.25
,,,,,,,,,,,,,,,,2023年03月31日 11:15:13,0.0,4.0,8.0,0.0,0.75,0.0,1.0,12.816666666666666,0:0,0:0,0.0,0.0,0.0,0.0,11.25
,,,,,,,,,,,,,,,,2023年03月31日 11:16:40,0.0,0.0,0.0,0.0,0.7333333333333334,-12.0,1.0,24.816666666666663,12:0,0:0,0.0,0.0,0.0,0.0,11.266666666666667
,,,,,,,,,,,,,,,,2023年03月31日 11:18:56,0.0,0.0,0.0,0.0,12.7,0.0,1.0,12.816666666666666,0:0,0:0,0.0,0.0,0.0,0.0,11.3
,,,,,,,,,,,,,,,,2023年03月31日 11:22:29,0.0,0.0,0.0,0.0,12.633333333333333,0.0,1.0,12.816666666666666,0:0,0:0,0.0,0.0,0.0,0.0,11.366666666666667
,,,,,,,,,,,,,,,,2023年03月31日 11:22:32,1.0,0.0,0.0,0.0,11.633333333333333,0.0,1.0,12.816666666666666,0:0,0:0,0.0,0.0,0.0,0.0,11.366666666666667
,,,,,,,,,,,,,,,,2023年03月31日 11:22:32,2.0,0.0,0.0,0.0,10.633333333333333,0.0,1.0,12.816666666666666,0:0,0:0,0.0,0.0,0.0,0.0,11.366666666666667
,,,,,,,,,,,,,,,,2023年03月31日 11:22:32,3.0,0.0,0.0,0.0,9.633333333333333,0.0,1.0,12.816666666666666,0:0,0:0,0.0,0.0,0.0,0.0,11.366666666666667
,,,,,,,,,,,,,,,,2023年03月31日 11:22:33,7.0,0.0,0.0,0.0,5.633333333333333,0.0,1.0,12.816666666666666,0:0,0:0,0.0,0.0,0.0,0.0,11.366666666666667
,,,,,,,,,,,,,,,,2023年03月31日 11:22:33,8.0,0.0,0.0,0.0,4.633333333333333,0.0,1.0,12.816666666666666,0:0,0:0,0.0,0.0,0.0,0.0,11.366666666666667
,,,,,,,,,,,,,,,,2023年03月31日 11:22:33,10.0,0.0,0.0,0.0,2.633333333333333,0.0,1.0,12.816666666666666,0:0,0:0,0.0,0.0,0.0,0.0,11.366666666666667
,,,,,,,,,,,,,,,,2023年03月31日 11:22:34,10.0,1.0,0.0,0.0,1.6333333333333329,0.0,1.0,12.816666666666666,0:0,0:0,0.0,0.0,0.0,0.0,11.366666666666667
,,,,,,,,,,,,,,,,2023年03月31日 11:22:35,10.0,2.0,0.0,0.0,0.6333333333333329,0.0,1.0,12.816666666666666,0:0,0:0,0.0,0.0,0.0,0.0,11.366666666666667
,,,,,,,,,,,,,,,,2023年03月31日 11:23:47,6.0,1.0,0.0,0.0,5.616666666666667,0.0,1.0,12.816666666666666,0:0,0:0,0.0,0.0,0.0,0.0,11.383333333333333
,,,,,,,,,,,,,,,,2023年03月31日 11:23:51,6.0,2.0,0.0,0.0,4.616666666666667,0.0,1.0,12.816666666666666,0:0,0:0,0.0,0.0,0.0,0.0,11.383333333333333
,,,,,,,,,,,,,,,,2023年03月31日 11:23:51,6.0,3.0,0.0,0.0,3.616666666666667,0.0,1.0,12.816666666666666,0:0,0:0,0.0,0.0,0.0,0.0,11.383333333333333
,,,,,,,,,,,,,,,,2023年03月31日 11:23:51,6.0,4.0,0.0,0.0,2.616666666666667,0.0,1.0,12.816666666666666,0:0,0:0,0.0,0.0,0.0,0.0,11.383333333333333
,,,,,,,,,,,,,,,,2023年03月31日 11:23:51,6.0,5.0,0.0,0.0,1.6166666666666671,0.0,1.0,12.816666666666666,0:0,0:0,0.0,0.0,0.0,0.0,11.383333333333333
,,,,,,,,,,,,,,,,2023年03月31日 11:23:52,6.0,6.0,0.0,0.0,0.6166666666666671,0.0,1.0,12.816666666666666,0:0,0:0,0.0,0.0,0.0,0.0,11.383333333333333
,,,,,,,,,,,,,,,,2023年03月31日 11:24:15,6.0,4.0,0.0,0.0,2.6,0.0,1.0,12.816666666666666,0:0,0:0,0.0,0.0,0.0,0.0,11.4
,,,,,,,,,,,,,,,,2023年03月31日 11:25:30,0.0,0.0,0.0,0.0,12.583333333333334,0.0,1.0,12.816666666666666,0:0,0:0,0.0,0.0,0.0,0.0,11.416666666666666
,,,,,,,,,,,,,,,,2023年03月31日 11:25:39,1.0,0.0,0.0,0.0,11.583333333333334,0.0,1.0,12.816666666666666,0:0,0:0,0.0,0.0,0.0,0.0,11.416666666666666
,,,,,,,,,,,,,,,,2023年03月31日 11:25:41,1.0,0.0,0.0,0.0,12.583333333333334,-1.0,1.0,13.816666666666666,1:0,0:0,0.0,0.0,0.0,0.0,11.416666666666666
,,,,,,,,,,,,,,,,2023年03月31日 11:25:42,1.0,0.0,0.0,0.0,13.583333333333334,-2.0,1.0,14.816666666666666,2:0,0:0,0.0,0.0,0.0,0.0,11.416666666666666
,,,,,,,,,,,,,,,,2023年03月31日 11:25:42,1.0,0.0,0.0,0.0,14.583333333333334,-3.0,1.0,15.816666666666666,3:0,0:0,0.0,0.0,0.0,0.0,11.416666666666666
,,,,,,,,,,,,,,,,2023年03月31日 11:25:42,1.0,0.0,0.0,0.0,15.583333333333332,-4.0,1.0,16.816666666666666,4:0,0:0,0.0,0.0,0.0,0.0,11.416666666666666
,,,,,,,,,,,,,,,,2023年03月31日 11:25:42,1.0,0.0,0.0,0.0,16.583333333333332,-5.0,1.0,17.816666666666666,5:0,0:0,0.0,0.0,0.0,0.0,11.416666666666666
,,,,,,,,,,,,,,,,2023年03月31日 11:25:42,1.0,0.0,0.0,0.0,17.583333333333332,-6.0,1.0,18.816666666666663,6:0,0:0,0.0,0.0,0.0,0.0,11.416666666666666
,,,,,,,,,,,,,,,,2023年03月31日 11:25:43,1.0,0.0,0.0,0.0,18.58333333333333,-7.0,1.0,19.816666666666663,7:0,0:0,0.0,0.0,0.0,0.0,11.416666666666666
,,,,,,,,,,,,,,,,2023年03月31日 11:25:43,1.0,0.0,0.0,0.0,19.58333333333333,-8.0,1.0,20.816666666666663,8:0,0:0,0.0,0.0,0.0,0.0,11.416666666666666
,,,,,,,,,,,,,,,,2023年03月31日 11:25:43,1.0,0.0,0.0,0.0,20.58333333333333,-9.0,1.0,21.816666666666663,9:0,0:0,0.0,0.0,0.0,0.0,11.416666666666666
,,,,,,,,,,,,,,,,2023年03月31日 11:25:43,1.0,0.0,0.0,0.0,21.58333333333333,-10.0,1.0,22.816666666666663,10:0,0:0,0.0,0.0,0.0,0.0,11.416666666666666
,,,,,,,,,,,,,,,,2023年03月31日 11:28:01,1.0,3.0,4.0,1.0,-8.466666666666667,-12.0,1.0,24.816666666666663,12:0,0:0,0.0,0.0,0.0,0.0,11.466666666666669
,,,,,,,,,,,,,,,,2023年03月31日 11:28:03,1.0,3.0,5.0,1.0,-9.466666666666669,-12.0,1.0,24.816666666666663,12:0,0:0,0.0,0.0,0.0,0.0,11.466666666666669
,,,,,,,,,,,,,,,,2023年03月31日 11:28:04,1.0,2.0,5.0,1.0,-8.466666666666667,-12.0,1.0,24.816666666666663,12:0,0:0,0.0,0.0,0.0,0.0,11.466666666666669
,,,,,,,,,,,,,,,,2023年03月31日 11:28:04,1.0,3.0,5.0,1.0,-9.466666666666669,-12.0,1.0,24.816666666666663,12:0,0:0,0.0,0.0,0.0,0.0,11.466666666666669
,,,,,,,,,,,,,,,,2023年03月31日 11:28:11,1.0,2.0,5.0,1.0,-8.466666666666667,-12.0,1.0,24.816666666666663,12:0,0:0,0.0,0.0,0.0,0.0,11.466666666666669
,,,,,,,,,,,,,,,,2023年03月31日 11:28:11,1.0,1.0,5.0,1.0,-7.466666666666667,-12.0,1.0,24.816666666666663,12:0,0:0,0.0,0.0,0.0,0.0,11.466666666666669
,,,,,,,,,,,,,,,,2023年03月31日 11:28:11,1.0,0.0,5.0,1.0,-6.466666666666667,-12.0,1.0,24.816666666666663,12:0,0:0,0.0,0.0,0.0,0.0,11.466666666666669
,,,,,,,,,,,,,,,,2023年03月31日 11:28:13,1.0,0.0,5.0,1.0,-5.466666666666667,-13.0,1.0,25.816666666666663,13:0,0:0,0.0,0.0,0.0,0.0,11.466666666666669
,,,,,,,,,,,,,,,,2023年03月31日 11:28:13,1.0,0.0,5.0,1.0,-4.466666666666667,-14.0,1.0,26.816666666666663,14:0,0:0,0.0,0.0,0.0,0.0,11.466666666666669
,,,,,,,,,,,,,,,,2023年03月31日 11:28:13,1.0,0.0,5.0,1.0,-2.466666666666667,-16.0,1.0,28.816666666666663,16:0,0:0,0.0,0.0,0.0,0.0,11.466666666666669
,,,,,,,,,,,,,,,,2023年03月31日 11:28:13,1.0,0.0,5.0,1.0,-0.4666666666666668,6.0,1.0,6.816666666666666,18:0,0:0,0.0,0.0,0.0,0.0,11.466666666666669
,,,,,,,,,,,,,,,,2023年03月31日 11:28:14,1.0,0.0,5.0,1.0,1.5333333333333332,4.0,1.0,8.816666666666666,20:0,0:0,0.0,0.0,0.0,0.0,11.466666666666669
,,,,,,,,,,,,,,,,2023年03月31日 11:28:14,1.0,0.0,5.0,1.0,2.533333333333333,3.0,1.0,9.816666666666666,21:0,0:0,0.0,0.0,0.0,0.0,11.466666666666669
,,,,,,,,,,,,,,,,2023年03月31日 11:28:52,0.0,0.0,0.0,0.0,12.533333333333331,0.0,1.0,12.816666666666666,0:0,0:0,0.0,0.0,0.0,0.0,11.466666666666669
,,,,,,,,,,,,,,,,2023年03月31日 11:28:54,0.0,0.0,1.0,0.0,11.533333333333331,0.0,1.0,12.816666666666666,0:0,0:0,0.0,0.0,0.0,0.0,11.466666666666669
,,,,,,,,,,,,,,,,2023年03月31日 11:29:03,0.0,0.0,0.0,0.0,0.5166666666666666,-12.0,1.0,24.816666666666663,12:0,0:0,0.0,0.0,0.0,0.0,11.483333333333333
,,,,,,,,,,,,,,,,2023年03月31日 11:29:53,1.0,0.0,0.0,0.0,0.5166666666666666,-13.0,1.0,25.816666666666663,13:0,0:0,0.0,0.0,0.0,0.0,11.483333333333333
,,,,,,,,,,,,,,,,2023年03月31日 11:31:43,1.0,0.0,0.0,0.0,0.4833333333333334,-13.0,1.0,25.816666666666663,13:0,0:0,0.0,0.0,0.0,0.0,11.516666666666667
,,,,,,,,,,,,,,,,2023年03月31日 11:32:00,0.0,0.0,0.0,0.0,0.4666666666666667,-12.0,1.0,24.816666666666663,12:0,0:0,0.0,0.0,0.0,0.0,11.533333333333331
,,,,,,,,,,,,,,,,2023年03月31日 11:32:43,0.0,0.0,0.0,0.0,0.4666666666666667,-12.0,1.0,24.816666666666663,12:0,0:0,0.0,0.0,0.0,0.0,11.533333333333331
,,,,,,,,,,,,,,,,2023年03月31日 11:34:11,0.0,0.0,0.0,0.0,0.4333333333333333,-12.0,1.0,24.816666666666663,12:0,0:0,0.0,0.0,0.0,0.0,11.566666666666666
,,,,,,,,,,,,,,,,2023年03月31日 11:37:21,0.0,0.0,0.0,0.0,12.383333333333333,0.0,1.0,12.816666666666666,0:0,0:0,0.0,0.0,0.0,0.0,11.616666666666667
,,,,,,,,,,,,,,,,2023年03月31日 11:38:36,0.0,0.0,0.0,0.0,12.366666666666667,0.0,1.0,12.816666666666666,0:0,0:0,0.0,0.0,0.0,0.0,11.633333333333333
,,,,,,,,,,,,,,,,2023年03月31日 11:41:33,0.0,0.0,0.0,0.0,12.316666666666666,0.0,1.0,12.816666666666666,0:0,0:0,0.0,0.0,0.0,0.0,11.683333333333334
,,,,,,,,,,,,,,,,2023年03月31日 11:48:46,1.0,0.0,0.0,0.0,2.2,-12.0,1.0,27.816666666666663,15:0,3:0,0.0,0.0,0.0,0.0,11.8
,,,,,,,,,,,,,,,,2023年03月31日 13:16:04,0.0,0.0,0.0,0.0,10.733333333333333,0.0,1.0,10.783333333333331,0:0,0:0,0.0,0.0,0.0,0.0,13.266666666666667
,,,,,,,,,,,,,,,,2023年03月31日 13:20:31,0.0,0.0,0.0,0.0,10.666666666666666,0.0,1.0,10.783333333333331,0:0,0:0,0.0,0.0,0.0,0.0,13.333333333333334
,,,,,,,,,,,,,,,,2023年03月31日 13:25:15,0.0,0.0,0.0,0.0,10.583333333333334,0.0,1.0,10.783333333333331,0:0,0:0,0.0,0.0,0.0,0.0,13.416666666666666
,,,,,,,,,,,,,,,,2023年03月31日 13:29:14,5.0,5.0,0.0,0.0,0.5166666666666675,0.0,1.0,10.783333333333333,0:0,0:0,0.0,0.0,0.0,0.0,13.483333333333333
